{"graph_0": {"_type": "graph-file", "path": "media/graph/graph_0_summary_69d83211.graph.json", "sha256": "69d8321105212a267459bb7a1135a7595938d704a8ea6a734b30f8d4191c58aa", "size": 27051}, "train/loss": 5.9157, "train/learning_rate": 4.973544973544973e-05, "train/epoch": 3.0, "train/global_step": 189, "_runtime": 157, "_timestamp": 1620262599, "_step": 2, "train/train_runtime": 73.2757, "train/train_samples_per_second": 2.579, "train/total_flos": 857479067136000.0, "train/exact_match": 61.551561021759696, "train/f1": 71.25983162736279}