{"graph_0": {"_type": "graph-file", "path": "media/graph/graph_0_summary_27af4df3.graph.json", "sha256": "27af4df377d931a43088d08b1e23b85059f64c2e04b0845fd3112b9fe73233b4", "size": 27381}, "train/loss": 3.0742, "train/learning_rate": 4.973118279569893e-05, "train/epoch": 3.0, "train/global_step": 186, "_runtime": 300, "_timestamp": 1620242214, "_step": 2, "train/train_runtime": 268.3783, "train/train_samples_per_second": 0.693, "train/total_flos": 526448384061456.0, "eval/loss": 0.23262140154838562, "eval/precision": 0.8717361429225836, "eval/recall": 0.8765545831414094, "eval/f1": 0.8741387230133211, "eval/accuracy": 0.9434891855939301, "eval/runtime": 30.1564, "eval/samples_per_second": 64.829}