{"graph_0": {"_type": "graph-file", "path": "media/graph/graph_0_summary_8d8175e5.graph.json", "sha256": "8d8175e5093a2c4b70cc6b7e643602be051422d86eef4abf92ff6f4b284dc416", "size": 27051}, "train/loss": 6.0151, "train/learning_rate": 4.973544973544973e-05, "train/epoch": 3.0, "train/global_step": 189, "_runtime": 156, "_timestamp": 1620263278, "_step": 2, "train/train_runtime": 73.5429, "train/train_samples_per_second": 2.57, "train/total_flos": 857479067136000.0, "train/exact_match": 64.07757805108798, "train/f1": 73.72876093920603}