{"graph_0": {"_type": "graph-file", "path": "media/graph/graph_0_summary_65dc126e.graph.json", "sha256": "65dc126e213c352cd99441f0f5bea72865532b9795c818c6483631109ffdd74f", "size": 27051}, "train/loss": 6.0341, "train/learning_rate": 4.973544973544973e-05, "train/epoch": 3.0, "train/global_step": 189, "_runtime": 158, "_timestamp": 1620262852, "_step": 2, "train/train_runtime": 74.1416, "train/train_samples_per_second": 2.549, "train/total_flos": 857479067136000.0, "train/exact_match": 63.57615894039735, "train/f1": 72.98019045907975}